"","date","GS10","NROU","TB3MS","UNRATE","NROU2","UGAP2","up","down","up2","down2"
"1",1954-01-01,2.48,5.37,1.18,4.9,5.37,-0.47,5.37,4.9,1.3,0
"2",1954-02-01,2.47,NA,0.97,5.2,5.37,-0.17,5.37,5.2,1.5,0
"3",1954-03-01,2.37,NA,1.03,5.7,5.37,0.33,5.7,5.37,1.34,0
"4",1954-04-01,2.29,5.37,0.97,5.9,5.37,0.53,5.9,5.37,1.32,0
"5",1954-05-01,2.37,NA,0.76,5.9,5.37,0.53,5.9,5.37,1.61,0
"6",1954-06-01,2.38,NA,0.64,5.6,5.37,0.23,5.6,5.37,1.74,0
"7",1954-07-01,2.3,5.38,0.72,5.8,5.38,0.42,5.8,5.38,1.58,0
"8",1954-08-01,2.36,NA,0.92,6,5.38,0.62,6,5.38,1.44,0
"9",1954-09-01,2.38,NA,1.01,6.1,5.38,0.72,6.1,5.38,1.37,0
"10",1954-10-01,2.43,5.38,0.98,5.7,5.38,0.32,5.7,5.38,1.45,0
"11",1954-11-01,2.48,NA,0.93,5.3,5.38,-0.0800000000000001,5.38,5.3,1.55,0
"12",1954-12-01,2.51,NA,1.15,5,5.38,-0.38,5.38,5,1.36,0
"13",1955-01-01,2.61,5.38,1.22,4.9,5.38,-0.48,5.38,4.9,1.39,0
"14",1955-02-01,2.65,NA,1.17,4.7,5.38,-0.68,5.38,4.7,1.48,0
"15",1955-03-01,2.68,NA,1.28,4.6,5.38,-0.78,5.38,4.6,1.4,0
"16",1955-04-01,2.75,5.38,1.59,4.7,5.38,-0.68,5.38,4.7,1.16,0
"17",1955-05-01,2.76,NA,1.45,4.3,5.38,-1.08,5.38,4.3,1.31,0
"18",1955-06-01,2.78,NA,1.41,4.2,5.38,-1.18,5.38,4.2,1.37,0
"19",1955-07-01,2.9,5.39,1.6,4,5.39,-1.39,5.39,4,1.3,0
"20",1955-08-01,2.97,NA,1.9,4.2,5.39,-1.19,5.39,4.2,1.07,0
"21",1955-09-01,2.97,NA,2.07,4.1,5.39,-1.29,5.39,4.1,0.9,0
"22",1955-10-01,2.88,5.39,2.23,4.3,5.39,-1.09,5.39,4.3,0.65,0
"23",1955-11-01,2.89,NA,2.24,4.2,5.39,-1.19,5.39,4.2,0.65,0
"24",1955-12-01,2.96,NA,2.54,4.2,5.39,-1.19,5.39,4.2,0.42,0
"25",1956-01-01,2.9,5.39,2.41,4,5.39,-1.39,5.39,4,0.49,0
"26",1956-02-01,2.84,NA,2.32,3.9,5.39,-1.49,5.39,3.9,0.52,0
"27",1956-03-01,2.96,NA,2.25,4.2,5.39,-1.19,5.39,4.2,0.71,0
"28",1956-04-01,3.18,5.39,2.6,4,5.39,-1.39,5.39,4,0.58,0
"29",1956-05-01,3.07,NA,2.61,4.3,5.39,-1.09,5.39,4.3,0.46,0
"30",1956-06-01,3,NA,2.49,4.3,5.39,-1.09,5.39,4.3,0.51,0
"31",1956-07-01,3.11,5.4,2.31,4.4,5.4,-1,5.4,4.4,0.8,0
"32",1956-08-01,3.33,NA,2.6,4.1,5.4,-1.3,5.4,4.1,0.73,0
"33",1956-09-01,3.38,NA,2.84,3.9,5.4,-1.5,5.4,3.9,0.54,0
"34",1956-10-01,3.34,5.4,2.9,3.9,5.4,-1.5,5.4,3.9,0.44,0
"35",1956-11-01,3.49,NA,2.99,4.3,5.4,-1.1,5.4,4.3,0.5,0
"36",1956-12-01,3.59,NA,3.21,4.2,5.4,-1.2,5.4,4.2,0.38,0
"37",1957-01-01,3.46,5.4,3.11,4.2,5.4,-1.2,5.4,4.2,0.35,0
"38",1957-02-01,3.34,NA,3.1,3.9,5.4,-1.5,5.4,3.9,0.24,0
"39",1957-03-01,3.41,NA,3.08,3.7,5.4,-1.7,5.4,3.7,0.33,0
"40",1957-04-01,3.48,5.4,3.07,3.9,5.4,-1.5,5.4,3.9,0.41,0
"41",1957-05-01,3.6,NA,3.06,4.1,5.4,-1.3,5.4,4.1,0.54,0
"42",1957-06-01,3.8,NA,3.29,4.3,5.4,-1.1,5.4,4.3,0.51,0
"43",1957-07-01,3.93,5.41,3.16,4.2,5.41,-1.21,5.41,4.2,0.77,0
"44",1957-08-01,3.93,NA,3.37,4.1,5.41,-1.31,5.41,4.1,0.56,0
"45",1957-09-01,3.92,NA,3.53,4.4,5.41,-1.01,5.41,4.4,0.39,0
"46",1957-10-01,3.97,5.41,3.58,4.5,5.41,-0.91,5.41,4.5,0.39,0
"47",1957-11-01,3.72,NA,3.31,5.1,5.41,-0.31,5.41,5.1,0.41,0
"48",1957-12-01,3.21,NA,3.04,5.2,5.41,-0.21,5.41,5.2,0.17,0
"49",1958-01-01,3.09,5.41,2.44,5.8,5.41,0.39,5.8,5.41,0.65,0
"50",1958-02-01,3.05,NA,1.53,6.4,5.41,0.99,6.4,5.41,1.52,0
"51",1958-03-01,2.98,NA,1.3,6.7,5.41,1.29,6.7,5.41,1.68,0
"52",1958-04-01,2.88,5.42,1.13,7.4,5.42,1.98,7.4,5.42,1.75,0
"53",1958-05-01,2.92,NA,0.91,7.4,5.42,1.98,7.4,5.42,2.01,0
"54",1958-06-01,2.97,NA,0.83,7.3,5.42,1.88,7.3,5.42,2.14,0
"55",1958-07-01,3.2,5.42,0.91,7.5,5.42,2.08,7.5,5.42,2.29,0
"56",1958-08-01,3.54,NA,1.69,7.4,5.42,1.98,7.4,5.42,1.85,0
"57",1958-09-01,3.76,NA,2.44,7.1,5.42,1.68,7.1,5.42,1.32,0
"58",1958-10-01,3.8,5.43,2.63,6.7,5.43,1.27,6.7,5.43,1.17,0
"59",1958-11-01,3.74,NA,2.67,6.2,5.43,0.77,6.2,5.43,1.07,0
"60",1958-12-01,3.86,NA,2.77,6.2,5.43,0.77,6.2,5.43,1.09,0
"61",1959-01-01,4.02,5.43,2.82,6,5.43,0.57,6,5.43,1.2,0
"62",1959-02-01,3.96,NA,2.7,5.9,5.43,0.470000000000001,5.9,5.43,1.26,0
"63",1959-03-01,3.99,NA,2.8,5.6,5.43,0.17,5.6,5.43,1.19,0
"64",1959-04-01,4.12,5.44,2.95,5.2,5.44,-0.24,5.44,5.2,1.17,0
"65",1959-05-01,4.31,NA,2.84,5.1,5.44,-0.340000000000001,5.44,5.1,1.47,0
"66",1959-06-01,4.34,NA,3.21,5,5.44,-0.44,5.44,5,1.13,0
"67",1959-07-01,4.4,5.44,3.2,5.1,5.44,-0.340000000000001,5.44,5.1,1.2,0
"68",1959-08-01,4.43,NA,3.38,5.2,5.44,-0.24,5.44,5.2,1.05,0
"69",1959-09-01,4.68,NA,4.04,5.5,5.44,0.0599999999999996,5.5,5.44,0.64,0
"70",1959-10-01,4.53,5.45,4.05,5.7,5.45,0.25,5.7,5.45,0.48,0
"71",1959-11-01,4.53,NA,4.15,5.8,5.45,0.35,5.8,5.45,0.38,0
"72",1959-12-01,4.69,NA,4.49,5.3,5.45,-0.15,5.45,5.3,0.2,0
"73",1960-01-01,4.72,5.46,4.35,5.2,5.46,-0.26,5.46,5.2,0.37,0
"74",1960-02-01,4.49,NA,3.96,4.8,5.46,-0.66,5.46,4.8,0.53,0
"75",1960-03-01,4.25,NA,3.31,5.4,5.46,-0.0599999999999996,5.46,5.4,0.94,0
"76",1960-04-01,4.28,5.46,3.23,5.2,5.46,-0.26,5.46,5.2,1.05,0
"77",1960-05-01,4.35,NA,3.29,5.1,5.46,-0.36,5.46,5.1,1.06,0
"78",1960-06-01,4.15,NA,2.46,5.4,5.46,-0.0599999999999996,5.46,5.4,1.69,0
"79",1960-07-01,3.9,5.47,2.3,5.5,5.47,0.0300000000000002,5.5,5.47,1.6,0
"80",1960-08-01,3.8,NA,2.3,5.6,5.47,0.13,5.6,5.47,1.5,0
"81",1960-09-01,3.8,NA,2.48,5.5,5.47,0.0300000000000002,5.5,5.47,1.32,0
"82",1960-10-01,3.89,5.48,2.3,6.1,5.48,0.619999999999999,6.1,5.48,1.59,0
"83",1960-11-01,3.93,NA,2.37,6.1,5.48,0.619999999999999,6.1,5.48,1.56,0
"84",1960-12-01,3.84,NA,2.25,6.6,5.48,1.12,6.6,5.48,1.59,0
"85",1961-01-01,3.84,5.48,2.24,6.6,5.48,1.12,6.6,5.48,1.6,0
"86",1961-02-01,3.78,NA,2.42,6.9,5.48,1.42,6.9,5.48,1.36,0
"87",1961-03-01,3.74,NA,2.39,6.9,5.48,1.42,6.9,5.48,1.35,0
"88",1961-04-01,3.78,5.49,2.29,7,5.49,1.51,7,5.49,1.49,0
"89",1961-05-01,3.71,NA,2.29,7.1,5.49,1.61,7.1,5.49,1.42,0
"90",1961-06-01,3.88,NA,2.33,6.9,5.49,1.41,6.9,5.49,1.55,0
"91",1961-07-01,3.92,5.5,2.24,7,5.5,1.5,7,5.5,1.68,0
"92",1961-08-01,4.04,NA,2.39,6.6,5.5,1.1,6.6,5.5,1.65,0
"93",1961-09-01,3.98,NA,2.28,6.7,5.5,1.2,6.7,5.5,1.7,0
"94",1961-10-01,3.92,5.51,2.3,6.5,5.51,0.99,6.5,5.51,1.62,0
"95",1961-11-01,3.94,NA,2.48,6.1,5.51,0.59,6.1,5.51,1.46,0
"96",1961-12-01,4.06,NA,2.6,6,5.51,0.49,6,5.51,1.46,0
"97",1962-01-01,4.08,5.51,2.72,5.8,5.51,0.29,5.8,5.51,1.36,0
"98",1962-02-01,4.04,NA,2.73,5.5,5.51,-0.00999999999999979,5.51,5.5,1.31,0
"99",1962-03-01,3.93,NA,2.72,5.6,5.51,0.0899999999999999,5.6,5.51,1.21,0
"100",1962-04-01,3.84,5.52,2.73,5.6,5.52,0.0800000000000001,5.6,5.52,1.11,0
"101",1962-05-01,3.87,NA,2.69,5.5,5.52,-0.0199999999999996,5.52,5.5,1.18,0
"102",1962-06-01,3.91,NA,2.73,5.5,5.52,-0.0199999999999996,5.52,5.5,1.18,0
"103",1962-07-01,4.01,5.53,2.92,5.4,5.53,-0.13,5.53,5.4,1.09,0
"104",1962-08-01,3.98,NA,2.82,5.7,5.53,0.17,5.7,5.53,1.16,0
"105",1962-09-01,3.98,NA,2.78,5.6,5.53,0.0699999999999994,5.6,5.53,1.2,0
"106",1962-10-01,3.93,5.54,2.74,5.4,5.54,-0.14,5.54,5.4,1.19,0
"107",1962-11-01,3.92,NA,2.83,5.7,5.54,0.16,5.7,5.54,1.09,0
"108",1962-12-01,3.86,NA,2.87,5.5,5.54,-0.04,5.54,5.5,0.99,0
"109",1963-01-01,3.83,5.55,2.91,5.7,5.55,0.15,5.7,5.55,0.92,0
"110",1963-02-01,3.92,NA,2.92,5.9,5.55,0.350000000000001,5.9,5.55,1,0
"111",1963-03-01,3.93,NA,2.89,5.7,5.55,0.15,5.7,5.55,1.04,0
"112",1963-04-01,3.97,5.56,2.9,5.7,5.56,0.140000000000001,5.7,5.56,1.07,0
"113",1963-05-01,3.93,NA,2.93,5.9,5.56,0.340000000000001,5.9,5.56,1,0
"114",1963-06-01,3.99,NA,2.99,5.6,5.56,0.04,5.6,5.56,1,0
"115",1963-07-01,4.02,5.57,3.18,5.6,5.57,0.0299999999999994,5.6,5.57,0.839999999999999,0
"116",1963-08-01,4,NA,3.32,5.4,5.57,-0.17,5.57,5.4,0.68,0
"117",1963-09-01,4.08,NA,3.38,5.5,5.57,-0.0700000000000003,5.57,5.5,0.7,0
"118",1963-10-01,4.11,5.58,3.45,5.5,5.58,-0.0800000000000001,5.58,5.5,0.66,0
"119",1963-11-01,4.12,NA,3.52,5.7,5.58,0.12,5.7,5.58,0.6,0
"120",1963-12-01,4.13,NA,3.52,5.5,5.58,-0.0800000000000001,5.58,5.5,0.61,0
"121",1964-01-01,4.17,5.6,3.52,5.6,5.6,0,5.6,5.6,0.65,0
"122",1964-02-01,4.15,NA,3.53,5.4,5.6,-0.199999999999999,5.6,5.4,0.620000000000001,0
"123",1964-03-01,4.22,NA,3.54,5.4,5.6,-0.199999999999999,5.6,5.4,0.68,0
"124",1964-04-01,4.23,5.61,3.47,5.3,5.61,-0.31,5.61,5.3,0.76,0
"125",1964-05-01,4.2,NA,3.48,5.1,5.61,-0.510000000000001,5.61,5.1,0.72,0
"126",1964-06-01,4.17,NA,3.48,5.2,5.61,-0.41,5.61,5.2,0.69,0
"127",1964-07-01,4.19,5.62,3.46,4.9,5.62,-0.72,5.62,4.9,0.73,0
"128",1964-08-01,4.19,NA,3.5,5,5.62,-0.62,5.62,5,0.69,0
"129",1964-09-01,4.2,NA,3.53,5.1,5.62,-0.52,5.62,5.1,0.67,0
"130",1964-10-01,4.19,5.63,3.57,5.1,5.63,-0.53,5.63,5.1,0.620000000000001,0
"131",1964-11-01,4.15,NA,3.64,4.8,5.63,-0.83,5.63,4.8,0.51,0
"132",1964-12-01,4.18,NA,3.84,5,5.63,-0.63,5.63,5,0.34,0
"133",1965-01-01,4.19,5.65,3.81,4.9,5.65,-0.75,5.65,4.9,0.38,0
"134",1965-02-01,4.21,NA,3.93,5.1,5.65,-0.550000000000001,5.65,5.1,0.28,0
"135",1965-03-01,4.21,NA,3.93,4.7,5.65,-0.95,5.65,4.7,0.28,0
"136",1965-04-01,4.2,5.66,3.93,4.8,5.66,-0.86,5.66,4.8,0.27,0
"137",1965-05-01,4.21,NA,3.89,4.6,5.66,-1.06,5.66,4.6,0.32,0
"138",1965-06-01,4.21,NA,3.8,4.6,5.66,-1.06,5.66,4.6,0.41,0
"139",1965-07-01,4.2,5.67,3.84,4.4,5.67,-1.27,5.67,4.4,0.36,0
"140",1965-08-01,4.25,NA,3.84,4.4,5.67,-1.27,5.67,4.4,0.41,0
"141",1965-09-01,4.29,NA,3.92,4.3,5.67,-1.37,5.67,4.3,0.37,0
"142",1965-10-01,4.35,5.69,4.03,4.2,5.69,-1.49,5.69,4.2,0.319999999999999,0
"143",1965-11-01,4.45,NA,4.09,4.1,5.69,-1.59,5.69,4.1,0.36,0
"144",1965-12-01,4.62,NA,4.38,4,5.69,-1.69,5.69,4,0.24,0
"145",1966-01-01,4.61,5.7,4.59,4,5.7,-1.7,5.7,4,0.0200000000000005,0
"146",1966-02-01,4.83,NA,4.65,3.8,5.7,-1.9,5.7,3.8,0.18,0
"147",1966-03-01,4.87,NA,4.59,3.8,5.7,-1.9,5.7,3.8,0.28,0
"148",1966-04-01,4.75,5.71,4.62,3.8,5.71,-1.91,5.71,3.8,0.13,0
"149",1966-05-01,4.78,NA,4.64,3.9,5.71,-1.81,5.71,3.9,0.140000000000001,0
"150",1966-06-01,4.81,NA,4.5,3.8,5.71,-1.91,5.71,3.8,0.31,0
"151",1966-07-01,5.02,5.72,4.8,3.8,5.72,-1.92,5.72,3.8,0.22,0
"152",1966-08-01,5.22,NA,4.96,3.8,5.72,-1.92,5.72,3.8,0.26,0
"153",1966-09-01,5.18,NA,5.37,3.7,5.72,-2.02,5.72,3.7,0,-0.19
"154",1966-10-01,5.01,5.73,5.35,3.7,5.73,-2.03,5.73,3.7,0,-0.34
"155",1966-11-01,5.16,NA,5.32,3.6,5.73,-2.13,5.73,3.6,0,-0.16
"156",1966-12-01,4.84,NA,4.96,3.8,5.73,-1.93,5.73,3.8,0,-0.12
"157",1967-01-01,4.58,5.75,4.72,3.9,5.75,-1.85,5.75,3.9,0,-0.14
"158",1967-02-01,4.63,NA,4.56,3.8,5.75,-1.95,5.75,3.8,0.0700000000000003,0
"159",1967-03-01,4.54,NA,4.26,3.8,5.75,-1.95,5.75,3.8,0.28,0
"160",1967-04-01,4.59,5.76,3.84,3.8,5.76,-1.96,5.76,3.8,0.75,0
"161",1967-05-01,4.85,NA,3.6,3.8,5.76,-1.96,5.76,3.8,1.25,0
"162",1967-06-01,5.02,NA,3.54,3.9,5.76,-1.86,5.76,3.9,1.48,0
"163",1967-07-01,5.16,5.77,4.21,3.8,5.77,-1.97,5.77,3.8,0.95,0
"164",1967-08-01,5.28,NA,4.27,3.8,5.77,-1.97,5.77,3.8,1.01,0
"165",1967-09-01,5.3,NA,4.42,3.8,5.77,-1.97,5.77,3.8,0.88,0
"166",1967-10-01,5.48,5.78,4.56,4,5.78,-1.78,5.78,4,0.920000000000001,0
"167",1967-11-01,5.75,NA,4.73,3.9,5.78,-1.88,5.78,3.9,1.02,0
"168",1967-12-01,5.7,NA,4.97,3.8,5.78,-1.98,5.78,3.8,0.73,0
"169",1968-01-01,5.53,5.79,5,3.7,5.79,-2.09,5.79,3.7,0.53,0
"170",1968-02-01,5.56,NA,4.98,3.8,5.79,-1.99,5.79,3.8,0.579999999999999,0
"171",1968-03-01,5.74,NA,5.17,3.7,5.79,-2.09,5.79,3.7,0.57,0
"172",1968-04-01,5.64,5.8,5.38,3.5,5.8,-2.3,5.8,3.5,0.26,0
"173",1968-05-01,5.87,NA,5.66,3.5,5.8,-2.3,5.8,3.5,0.21,0
"174",1968-06-01,5.72,NA,5.52,3.7,5.8,-2.1,5.8,3.7,0.2,0
"175",1968-07-01,5.5,5.82,5.31,3.7,5.82,-2.12,5.82,3.7,0.19,0
"176",1968-08-01,5.42,NA,5.09,3.5,5.82,-2.32,5.82,3.5,0.33,0
"177",1968-09-01,5.46,NA,5.19,3.4,5.82,-2.42,5.82,3.4,0.27,0
"178",1968-10-01,5.58,5.83,5.35,3.4,5.83,-2.43,5.83,3.4,0.23,0
"179",1968-11-01,5.7,NA,5.45,3.4,5.83,-2.43,5.83,3.4,0.25,0
"180",1968-12-01,6.03,NA,5.96,3.4,5.83,-2.43,5.83,3.4,0.0700000000000003,0
"181",1969-01-01,6.04,5.84,6.14,3.4,5.84,-2.44,5.84,3.4,0,-0.0999999999999996
"182",1969-02-01,6.19,NA,6.12,3.4,5.84,-2.44,5.84,3.4,0.0700000000000003,0
"183",1969-03-01,6.3,NA,6.02,3.4,5.84,-2.44,5.84,3.4,0.28,0
"184",1969-04-01,6.17,5.85,6.11,3.4,5.85,-2.45,5.85,3.4,0.0599999999999996,0
"185",1969-05-01,6.32,NA,6.04,3.4,5.85,-2.45,5.85,3.4,0.28,0
"186",1969-06-01,6.57,NA,6.44,3.5,5.85,-2.35,5.85,3.5,0.13,0
"187",1969-07-01,6.72,5.86,7,3.5,5.86,-2.36,5.86,3.5,0,-0.28
"188",1969-08-01,6.69,NA,6.98,3.5,5.86,-2.36,5.86,3.5,0,-0.29
"189",1969-09-01,7.16,NA,7.09,3.7,5.86,-2.16,5.86,3.7,0.0700000000000003,0
"190",1969-10-01,7.1,5.88,7,3.7,5.88,-2.18,5.88,3.7,0.0999999999999996,0
"191",1969-11-01,7.14,NA,7.24,3.5,5.88,-2.38,5.88,3.5,0,-0.100000000000001
"192",1969-12-01,7.65,NA,7.82,3.5,5.88,-2.38,5.88,3.5,0,-0.17
"193",1970-01-01,7.79,5.89,7.87,3.9,5.89,-1.99,5.89,3.9,0,-0.0800000000000001
"194",1970-02-01,7.24,NA,7.13,4.2,5.89,-1.69,5.89,4.2,0.11,0
"195",1970-03-01,7.07,NA,6.63,4.4,5.89,-1.49,5.89,4.4,0.44,0
"196",1970-04-01,7.39,5.9,6.51,4.6,5.9,-1.3,5.9,4.6,0.88,0
"197",1970-05-01,7.91,NA,6.84,4.8,5.9,-1.1,5.9,4.8,1.07,0
"198",1970-06-01,7.84,NA,6.68,4.9,5.9,-1,5.9,4.9,1.16,0
"199",1970-07-01,7.46,5.92,6.45,5,5.92,-0.92,5.92,5,1.01,0
"200",1970-08-01,7.53,NA,6.41,5.1,5.92,-0.82,5.92,5.1,1.12,0
"201",1970-09-01,7.39,NA,6.12,5.4,5.92,-0.52,5.92,5.4,1.27,0
"202",1970-10-01,7.33,5.93,5.91,5.5,5.93,-0.43,5.93,5.5,1.42,0
"203",1970-11-01,6.84,NA,5.28,5.9,5.93,-0.0299999999999994,5.93,5.9,1.56,0
"204",1970-12-01,6.39,NA,4.87,6.1,5.93,0.17,6.1,5.93,1.52,0
"205",1971-01-01,6.24,5.95,4.44,5.9,5.95,-0.0499999999999998,5.95,5.9,1.8,0
"206",1971-02-01,6.11,NA,3.7,5.9,5.95,-0.0499999999999998,5.95,5.9,2.41,0
"207",1971-03-01,5.7,NA,3.38,6,5.95,0.0499999999999998,6,5.95,2.32,0
"208",1971-04-01,5.83,5.96,3.86,5.9,5.96,-0.0599999999999996,5.96,5.9,1.97,0
"209",1971-05-01,6.39,NA,4.14,5.9,5.96,-0.0599999999999996,5.96,5.9,2.25,0
"210",1971-06-01,6.52,NA,4.75,5.9,5.96,-0.0599999999999996,5.96,5.9,1.77,0
"211",1971-07-01,6.73,5.98,5.4,6,5.98,0.0199999999999996,6,5.98,1.33,0
"212",1971-08-01,6.58,NA,4.94,6.1,5.98,0.119999999999999,6.1,5.98,1.64,0
"213",1971-09-01,6.14,NA,4.69,6,5.98,0.0199999999999996,6,5.98,1.45,0
"214",1971-10-01,5.93,5.99,4.46,5.8,5.99,-0.19,5.99,5.8,1.47,0
"215",1971-11-01,5.81,NA,4.22,6,5.99,0.00999999999999979,6,5.99,1.59,0
"216",1971-12-01,5.93,NA,4.01,6,5.99,0.00999999999999979,6,5.99,1.92,0
"217",1972-01-01,5.95,6.01,3.38,5.8,6.01,-0.21,6.01,5.8,2.57,0
"218",1972-02-01,6.08,NA,3.2,5.7,6.01,-0.31,6.01,5.7,2.88,0
"219",1972-03-01,6.07,NA,3.73,5.8,6.01,-0.21,6.01,5.8,2.34,0
"220",1972-04-01,6.19,6.03,3.71,5.7,6.03,-0.33,6.03,5.7,2.48,0
"221",1972-05-01,6.13,NA,3.69,5.7,6.03,-0.33,6.03,5.7,2.44,0
"222",1972-06-01,6.11,NA,3.91,5.7,6.03,-0.33,6.03,5.7,2.2,0
"223",1972-07-01,6.11,6.04,3.98,5.6,6.04,-0.44,6.04,5.6,2.13,0
"224",1972-08-01,6.21,NA,4.02,5.6,6.04,-0.44,6.04,5.6,2.19,0
"225",1972-09-01,6.55,NA,4.66,5.5,6.04,-0.54,6.04,5.5,1.89,0
"226",1972-10-01,6.48,6.06,4.74,5.6,6.06,-0.46,6.06,5.6,1.74,0
"227",1972-11-01,6.28,NA,4.78,5.3,6.06,-0.76,6.06,5.3,1.5,0
"228",1972-12-01,6.36,NA,5.07,5.2,6.06,-0.859999999999999,6.06,5.2,1.29,0
"229",1973-01-01,6.46,6.07,5.41,4.9,6.07,-1.17,6.07,4.9,1.05,0
"230",1973-02-01,6.64,NA,5.6,5,6.07,-1.07,6.07,5,1.04,0
"231",1973-03-01,6.71,NA,6.09,4.9,6.07,-1.17,6.07,4.9,0.62,0
"232",1973-04-01,6.67,6.09,6.26,5,6.09,-1.09,6.09,5,0.41,0
"233",1973-05-01,6.85,NA,6.36,4.9,6.09,-1.19,6.09,4.9,0.489999999999999,0
"234",1973-06-01,6.9,NA,7.19,4.9,6.09,-1.19,6.09,4.9,0,-0.29
"235",1973-07-01,7.13,6.1,8.01,4.8,6.1,-1.3,6.1,4.8,0,-0.88
"236",1973-08-01,7.4,NA,8.67,4.8,6.1,-1.3,6.1,4.8,0,-1.27
"237",1973-09-01,7.09,NA,8.29,4.8,6.1,-1.3,6.1,4.8,0,-1.2
"238",1973-10-01,6.79,6.11,7.22,4.6,6.11,-1.51,6.11,4.6,0,-0.43
"239",1973-11-01,6.73,NA,7.83,4.8,6.11,-1.31,6.11,4.8,0,-1.1
"240",1973-12-01,6.74,NA,7.45,4.9,6.11,-1.21,6.11,4.9,0,-0.71
"241",1974-01-01,6.99,6.13,7.77,5.1,6.13,-1.03,6.13,5.1,0,-0.779999999999999
"242",1974-02-01,6.96,NA,7.12,5.2,6.13,-0.93,6.13,5.2,0,-0.16
"243",1974-03-01,7.21,NA,7.96,5.1,6.13,-1.03,6.13,5.1,0,-0.75
"244",1974-04-01,7.51,6.14,8.33,5.1,6.14,-1.04,6.14,5.1,0,-0.82
"245",1974-05-01,7.58,NA,8.23,5.1,6.14,-1.04,6.14,5.1,0,-0.65
"246",1974-06-01,7.54,NA,7.9,5.4,6.14,-0.739999999999999,6.14,5.4,0,-0.36
"247",1974-07-01,7.81,6.15,7.55,5.5,6.15,-0.65,6.15,5.5,0.26,0
"248",1974-08-01,8.04,NA,8.96,5.5,6.15,-0.65,6.15,5.5,0,-0.920000000000002
"249",1974-09-01,8.04,NA,8.06,5.9,6.15,-0.25,6.15,5.9,0,-0.0200000000000014
"250",1974-10-01,7.9,6.16,7.46,6,6.16,-0.16,6.16,6,0.44,0
"251",1974-11-01,7.68,NA,7.47,6.6,6.16,0.44,6.6,6.16,0.21,0
"252",1974-12-01,7.43,NA,7.15,7.2,6.16,1.04,7.2,6.16,0.279999999999999,0
"253",1975-01-01,7.5,6.17,6.26,8.1,6.17,1.93,8.1,6.17,1.24,0
"254",1975-02-01,7.39,NA,5.5,8.1,6.17,1.93,8.1,6.17,1.89,0
"255",1975-03-01,7.73,NA,5.49,8.6,6.17,2.43,8.6,6.17,2.24,0
"256",1975-04-01,8.23,6.18,5.61,8.8,6.18,2.62,8.8,6.18,2.62,0
"257",1975-05-01,8.06,NA,5.23,9,6.18,2.82,9,6.18,2.83,0
"258",1975-06-01,7.86,NA,5.34,8.8,6.18,2.62,8.8,6.18,2.52,0
"259",1975-07-01,8.06,6.19,6.13,8.6,6.19,2.41,8.6,6.19,1.93,0
"260",1975-08-01,8.4,NA,6.44,8.4,6.19,2.21,8.4,6.19,1.96,0
"261",1975-09-01,8.43,NA,6.42,8.4,6.19,2.21,8.4,6.19,2.01,0
"262",1975-10-01,8.14,6.2,5.96,8.4,6.2,2.2,8.4,6.2,2.18,0
"263",1975-11-01,8.05,NA,5.48,8.3,6.2,2.1,8.3,6.2,2.57,0
"264",1975-12-01,8,NA,5.44,8.2,6.2,2,8.2,6.2,2.56,0
"265",1976-01-01,7.74,6.2,4.87,7.9,6.2,1.7,7.9,6.2,2.87,0
"266",1976-02-01,7.79,NA,4.88,7.7,6.2,1.5,7.7,6.2,2.91,0
"267",1976-03-01,7.73,NA,5,7.6,6.2,1.4,7.6,6.2,2.73,0
"268",1976-04-01,7.56,6.21,4.86,7.7,6.21,1.49,7.7,6.21,2.7,0
"269",1976-05-01,7.9,NA,5.2,7.4,6.21,1.19,7.4,6.21,2.7,0
"270",1976-06-01,7.86,NA,5.41,7.6,6.21,1.39,7.6,6.21,2.45,0
"271",1976-07-01,7.83,6.22,5.23,7.8,6.22,1.58,7.8,6.22,2.6,0
"272",1976-08-01,7.77,NA,5.14,7.8,6.22,1.58,7.8,6.22,2.63,0
"273",1976-09-01,7.59,NA,5.08,7.6,6.22,1.38,7.6,6.22,2.51,0
"274",1976-10-01,7.41,6.22,4.92,7.7,6.22,1.48,7.7,6.22,2.49,0
"275",1976-11-01,7.29,NA,4.75,7.8,6.22,1.58,7.8,6.22,2.54,0
"276",1976-12-01,6.87,NA,4.35,7.8,6.22,1.58,7.8,6.22,2.52,0
"277",1977-01-01,7.21,6.23,4.62,7.5,6.23,1.27,7.5,6.23,2.59,0
"278",1977-02-01,7.39,NA,4.67,7.6,6.23,1.37,7.6,6.23,2.72,0
"279",1977-03-01,7.46,NA,4.6,7.4,6.23,1.17,7.4,6.23,2.86,0
"280",1977-04-01,7.37,6.23,4.54,7.2,6.23,0.97,7.2,6.23,2.83,0
"281",1977-05-01,7.46,NA,4.96,7,6.23,0.77,7,6.23,2.5,0
"282",1977-06-01,7.28,NA,5.02,7.2,6.23,0.97,7.2,6.23,2.26,0
"283",1977-07-01,7.33,6.24,5.19,6.9,6.24,0.66,6.9,6.24,2.14,0
"284",1977-08-01,7.4,NA,5.49,7,6.24,0.76,7,6.24,1.91,0
"285",1977-09-01,7.34,NA,5.81,6.8,6.24,0.56,6.8,6.24,1.53,0
"286",1977-10-01,7.52,6.24,6.16,6.8,6.24,0.56,6.8,6.24,1.36,0
"287",1977-11-01,7.58,NA,6.1,6.8,6.24,0.56,6.8,6.24,1.48,0
"288",1977-12-01,7.69,NA,6.07,6.4,6.24,0.16,6.4,6.24,1.62,0
"289",1978-01-01,7.96,6.24,6.44,6.4,6.24,0.16,6.4,6.24,1.52,0
"290",1978-02-01,8.03,NA,6.45,6.3,6.24,0.0599999999999996,6.3,6.24,1.58,0
"291",1978-03-01,8.04,NA,6.29,6.3,6.24,0.0599999999999996,6.3,6.24,1.75,0
"292",1978-04-01,8.15,6.24,6.29,6.1,6.24,-0.140000000000001,6.24,6.1,1.86,0
"293",1978-05-01,8.35,NA,6.41,6,6.24,-0.24,6.24,6,1.94,0
"294",1978-06-01,8.46,NA,6.73,5.9,6.24,-0.34,6.24,5.9,1.73,0
"295",1978-07-01,8.64,6.24,7.01,6.2,6.24,-0.04,6.24,6.2,1.63,0
"296",1978-08-01,8.41,NA,7.08,5.9,6.24,-0.34,6.24,5.9,1.33,0
"297",1978-09-01,8.42,NA,7.85,6,6.24,-0.24,6.24,6,0.57,0
"298",1978-10-01,8.64,6.24,7.99,5.8,6.24,-0.44,6.24,5.8,0.65,0
"299",1978-11-01,8.81,NA,8.64,5.9,6.24,-0.34,6.24,5.9,0.17,0
"300",1978-12-01,9.01,NA,9.08,6,6.24,-0.24,6.24,6,0,-0.0700000000000003
"301",1979-01-01,9.1,6.24,9.35,5.9,6.24,-0.34,6.24,5.9,0,-0.25
"302",1979-02-01,9.1,NA,9.32,5.9,6.24,-0.34,6.24,5.9,0,-0.220000000000001
"303",1979-03-01,9.12,NA,9.48,5.8,6.24,-0.44,6.24,5.8,0,-0.360000000000001
"304",1979-04-01,9.18,6.23,9.46,5.8,6.23,-0.430000000000001,6.23,5.8,0,-0.280000000000001
"305",1979-05-01,9.25,NA,9.61,5.6,6.23,-0.630000000000001,6.23,5.6,0,-0.359999999999999
"306",1979-06-01,8.91,NA,9.06,5.7,6.23,-0.53,6.23,5.7,0,-0.15
"307",1979-07-01,8.95,6.23,9.24,5.7,6.23,-0.53,6.23,5.7,0,-0.290000000000001
"308",1979-08-01,9.03,NA,9.52,6,6.23,-0.23,6.23,6,0,-0.49
"309",1979-09-01,9.33,NA,10.26,5.9,6.23,-0.33,6.23,5.9,0,-0.93
"310",1979-10-01,10.3,6.22,11.7,6,6.22,-0.22,6.22,6,0,-1.4
"311",1979-11-01,10.65,NA,11.79,5.9,6.22,-0.319999999999999,6.22,5.9,0,-1.14
"312",1979-12-01,10.39,NA,12.04,6,6.22,-0.22,6.22,6,0,-1.65
"313",1980-01-01,10.8,6.22,12,6.3,6.22,0.0800000000000001,6.3,6.22,0,-1.2
"314",1980-02-01,12.41,NA,12.86,6.3,6.22,0.0800000000000001,6.3,6.22,0,-0.449999999999999
"315",1980-03-01,12.75,NA,15.2,6.3,6.22,0.0800000000000001,6.3,6.22,0,-2.45
"316",1980-04-01,11.47,6.21,13.2,6.9,6.21,0.69,6.9,6.21,0,-1.73
"317",1980-05-01,10.18,NA,8.58,7.5,6.21,1.29,7.5,6.21,1.6,0
"318",1980-06-01,9.78,NA,7.07,7.6,6.21,1.39,7.6,6.21,2.71,0
"319",1980-07-01,10.25,6.2,8.06,7.8,6.2,1.6,7.8,6.2,2.19,0
"320",1980-08-01,11.1,NA,9.13,7.7,6.2,1.5,7.7,6.2,1.97,0
"321",1980-09-01,11.51,NA,10.27,7.5,6.2,1.3,7.5,6.2,1.24,0
"322",1980-10-01,11.75,6.2,11.62,7.5,6.2,1.3,7.5,6.2,0.130000000000001,0
"323",1980-11-01,12.68,NA,13.73,7.5,6.2,1.3,7.5,6.2,0,-1.05
"324",1980-12-01,12.84,NA,15.49,7.2,6.2,1,7.2,6.2,0,-2.65
"325",1981-01-01,12.57,6.19,15.02,7.5,6.19,1.31,7.5,6.19,0,-2.45
"326",1981-02-01,13.19,NA,14.79,7.4,6.19,1.21,7.4,6.19,0,-1.6
"327",1981-03-01,13.12,NA,13.36,7.4,6.19,1.21,7.4,6.19,0,-0.24
"328",1981-04-01,13.68,6.18,13.69,7.2,6.18,1.02,7.2,6.18,0,-0.00999999999999979
"329",1981-05-01,14.1,NA,16.3,7.5,6.18,1.32,7.5,6.18,0,-2.2
"330",1981-06-01,13.47,NA,14.73,7.5,6.18,1.32,7.5,6.18,0,-1.26
"331",1981-07-01,14.28,6.17,14.95,7.2,6.17,1.03,7.2,6.17,0,-0.67
"332",1981-08-01,14.94,NA,15.51,7.4,6.17,1.23,7.4,6.17,0,-0.57
"333",1981-09-01,15.32,NA,14.7,7.6,6.17,1.43,7.6,6.17,0.620000000000001,0
"334",1981-10-01,15.15,6.16,13.54,7.9,6.16,1.74,7.9,6.16,1.61,0
"335",1981-11-01,13.39,NA,10.86,8.3,6.16,2.14,8.3,6.16,2.53,0
"336",1981-12-01,13.72,NA,10.85,8.5,6.16,2.34,8.5,6.16,2.87,0
"337",1982-01-01,14.59,6.15,12.28,8.6,6.15,2.45,8.6,6.15,2.31,0
"338",1982-02-01,14.43,NA,13.48,8.9,6.15,2.75,8.9,6.15,0.949999999999999,0
"339",1982-03-01,13.86,NA,12.68,9,6.15,2.85,9,6.15,1.18,0
"340",1982-04-01,13.87,6.14,12.7,9.3,6.14,3.16,9.3,6.14,1.17,0
"341",1982-05-01,13.62,NA,12.09,9.4,6.14,3.26,9.4,6.14,1.53,0
"342",1982-06-01,14.3,NA,12.47,9.6,6.14,3.46,9.6,6.14,1.83,0
"343",1982-07-01,13.95,6.13,11.35,9.8,6.13,3.67,9.8,6.13,2.6,0
"344",1982-08-01,13.06,NA,8.68,9.8,6.13,3.67,9.8,6.13,4.38,0
"345",1982-09-01,12.34,NA,7.92,10.1,6.13,3.97,10.1,6.13,4.42,0
"346",1982-10-01,10.91,6.12,7.71,10.4,6.12,4.28,10.4,6.12,3.2,0
"347",1982-11-01,10.55,NA,8.07,10.8,6.12,4.68,10.8,6.12,2.48,0
"348",1982-12-01,10.54,NA,7.94,10.8,6.12,4.68,10.8,6.12,2.6,0
"349",1983-01-01,10.46,6.11,7.86,10.4,6.11,4.29,10.4,6.11,2.6,0
"350",1983-02-01,10.72,NA,8.11,10.4,6.11,4.29,10.4,6.11,2.61,0
"351",1983-03-01,10.51,NA,8.35,10.3,6.11,4.19,10.3,6.11,2.16,0
"352",1983-04-01,10.4,6.1,8.21,10.2,6.1,4.1,10.2,6.1,2.19,0
"353",1983-05-01,10.38,NA,8.19,10.1,6.1,4,10.1,6.1,2.19,0
"354",1983-06-01,10.85,NA,8.79,10.1,6.1,4,10.1,6.1,2.06,0
"355",1983-07-01,11.38,6.09,9.08,9.4,6.09,3.31,9.4,6.09,2.3,0
"356",1983-08-01,11.85,NA,9.34,9.5,6.09,3.41,9.5,6.09,2.51,0
"357",1983-09-01,11.65,NA,9,9.2,6.09,3.11,9.2,6.09,2.65,0
"358",1983-10-01,11.54,6.09,8.64,8.8,6.09,2.71,8.8,6.09,2.9,0
"359",1983-11-01,11.69,NA,8.76,8.5,6.09,2.41,8.5,6.09,2.93,0
"360",1983-12-01,11.83,NA,9,8.3,6.09,2.21,8.3,6.09,2.83,0
"361",1984-01-01,11.67,6.08,8.9,8,6.08,1.92,8,6.08,2.77,0
"362",1984-02-01,11.84,NA,9.09,7.8,6.08,1.72,7.8,6.08,2.75,0
"363",1984-03-01,12.32,NA,9.52,7.8,6.08,1.72,7.8,6.08,2.8,0
"364",1984-04-01,12.63,6.07,9.69,7.7,6.07,1.63,7.7,6.07,2.94,0
"365",1984-05-01,13.41,NA,9.83,7.4,6.07,1.33,7.4,6.07,3.58,0
"366",1984-06-01,13.56,NA,9.87,7.2,6.07,1.13,7.2,6.07,3.69,0
"367",1984-07-01,13.36,6.06,10.12,7.5,6.06,1.44,7.5,6.06,3.24,0
"368",1984-08-01,12.72,NA,10.47,7.5,6.06,1.44,7.5,6.06,2.25,0
"369",1984-09-01,12.52,NA,10.37,7.3,6.06,1.24,7.3,6.06,2.15,0
"370",1984-10-01,12.16,6.05,9.74,7.4,6.05,1.35,7.4,6.05,2.42,0
"371",1984-11-01,11.57,NA,8.61,7.2,6.05,1.15,7.2,6.05,2.96,0
"372",1984-12-01,11.5,NA,8.06,7.3,6.05,1.25,7.3,6.05,3.44,0
"373",1985-01-01,11.38,6.04,7.76,7.3,6.04,1.26,7.3,6.04,3.62,0
"374",1985-02-01,11.51,NA,8.27,7.2,6.04,1.16,7.2,6.04,3.24,0
"375",1985-03-01,11.86,NA,8.52,7.2,6.04,1.16,7.2,6.04,3.34,0
"376",1985-04-01,11.43,6.03,7.95,7.3,6.03,1.27,7.3,6.03,3.48,0
"377",1985-05-01,10.85,NA,7.48,7.2,6.03,1.17,7.2,6.03,3.37,0
"378",1985-06-01,10.16,NA,6.95,7.4,6.03,1.37,7.4,6.03,3.21,0
"379",1985-07-01,10.31,6.02,7.08,7.4,6.02,1.38,7.4,6.02,3.23,0
"380",1985-08-01,10.33,NA,7.14,7.1,6.02,1.08,7.1,6.02,3.19,0
"381",1985-09-01,10.37,NA,7.1,7.1,6.02,1.08,7.1,6.02,3.27,0
"382",1985-10-01,10.24,6.01,7.16,7.1,6.01,1.09,7.1,6.01,3.08,0
"383",1985-11-01,9.78,NA,7.24,7,6.01,0.99,7,6.01,2.54,0
"384",1985-12-01,9.26,NA,7.1,7,6.01,0.99,7,6.01,2.16,0
"385",1986-01-01,9.19,6,7.07,6.7,6,0.7,6.7,6,2.12,0
"386",1986-02-01,8.7,NA,7.06,7.2,6,1.2,7.2,6,1.64,0
"387",1986-03-01,7.78,NA,6.56,7.2,6,1.2,7.2,6,1.22,0
"388",1986-04-01,7.3,5.99,6.06,7.1,5.99,1.11,7.1,5.99,1.24,0
"389",1986-05-01,7.71,NA,6.15,7.2,5.99,1.21,7.2,5.99,1.56,0
"390",1986-06-01,7.8,NA,6.21,7.2,5.99,1.21,7.2,5.99,1.59,0
"391",1986-07-01,7.3,5.97,5.83,7,5.97,1.03,7,5.97,1.47,0
"392",1986-08-01,7.17,NA,5.53,6.9,5.97,0.930000000000001,6.9,5.97,1.64,0
"393",1986-09-01,7.45,NA,5.21,7,5.97,1.03,7,5.97,2.24,0
"394",1986-10-01,7.43,5.96,5.18,7,5.96,1.04,7,5.96,2.25,0
"395",1986-11-01,7.25,NA,5.35,6.9,5.96,0.94,6.9,5.96,1.9,0
"396",1986-12-01,7.11,NA,5.53,6.6,5.96,0.64,6.6,5.96,1.58,0
"397",1987-01-01,7.08,5.95,5.43,6.6,5.95,0.649999999999999,6.6,5.95,1.65,0
"398",1987-02-01,7.25,NA,5.59,6.6,5.95,0.649999999999999,6.6,5.95,1.66,0
"399",1987-03-01,7.25,NA,5.59,6.6,5.95,0.649999999999999,6.6,5.95,1.66,0
"400",1987-04-01,8.02,5.93,5.64,6.3,5.93,0.37,6.3,5.93,2.38,0
"401",1987-05-01,8.61,NA,5.66,6.3,5.93,0.37,6.3,5.93,2.95,0
"402",1987-06-01,8.4,NA,5.67,6.2,5.93,0.27,6.2,5.93,2.73,0
"403",1987-07-01,8.45,5.92,5.69,6.1,5.92,0.18,6.1,5.92,2.76,0
"404",1987-08-01,8.76,NA,6.04,6,5.92,0.0800000000000001,6,5.92,2.72,0
"405",1987-09-01,9.42,NA,6.4,5.9,5.92,-0.0199999999999996,5.92,5.9,3.02,0
"406",1987-10-01,9.52,5.9,6.13,6,5.9,0.0999999999999996,6,5.9,3.39,0
"407",1987-11-01,8.86,NA,5.69,5.8,5.9,-0.100000000000001,5.9,5.8,3.17,0
"408",1987-12-01,8.99,NA,5.77,5.7,5.9,-0.2,5.9,5.7,3.22,0
"409",1988-01-01,8.67,5.89,5.81,5.7,5.89,-0.19,5.89,5.7,2.86,0
"410",1988-02-01,8.21,NA,5.66,5.7,5.89,-0.19,5.89,5.7,2.55,0
"411",1988-03-01,8.37,NA,5.7,5.7,5.89,-0.19,5.89,5.7,2.67,0
"412",1988-04-01,8.72,5.87,5.91,5.4,5.87,-0.47,5.87,5.4,2.81,0
"413",1988-05-01,9.09,NA,6.26,5.6,5.87,-0.27,5.87,5.6,2.83,0
"414",1988-06-01,8.92,NA,6.46,5.4,5.87,-0.47,5.87,5.4,2.46,0
"415",1988-07-01,9.06,5.85,6.73,5.4,5.85,-0.449999999999999,5.85,5.4,2.33,0
"416",1988-08-01,9.26,NA,7.06,5.6,5.85,-0.25,5.85,5.6,2.2,0
"417",1988-09-01,8.98,NA,7.24,5.4,5.85,-0.449999999999999,5.85,5.4,1.74,0
"418",1988-10-01,8.8,5.83,7.35,5.4,5.83,-0.43,5.83,5.4,1.45,0
"419",1988-11-01,8.96,NA,7.76,5.3,5.83,-0.53,5.83,5.3,1.2,0
"420",1988-12-01,9.11,NA,8.07,5.3,5.83,-0.53,5.83,5.3,1.04,0
"421",1989-01-01,9.09,5.81,8.27,5.4,5.81,-0.409999999999999,5.81,5.4,0.82,0
"422",1989-02-01,9.17,NA,8.53,5.2,5.81,-0.609999999999999,5.81,5.2,0.640000000000001,0
"423",1989-03-01,9.36,NA,8.82,5,5.81,-0.81,5.81,5,0.539999999999999,0
"424",1989-04-01,9.18,5.79,8.65,5.2,5.79,-0.59,5.79,5.2,0.529999999999999,0
"425",1989-05-01,8.86,NA,8.43,5.2,5.79,-0.59,5.79,5.2,0.43,0
"426",1989-06-01,8.28,NA,8.15,5.3,5.79,-0.49,5.79,5.3,0.129999999999999,0
"427",1989-07-01,8.02,5.77,7.88,5.2,5.77,-0.569999999999999,5.77,5.2,0.14,0
"428",1989-08-01,8.11,NA,7.9,5.2,5.77,-0.569999999999999,5.77,5.2,0.209999999999999,0
"429",1989-09-01,8.19,NA,7.75,5.3,5.77,-0.47,5.77,5.3,0.44,0
"430",1989-10-01,8.01,5.75,7.64,5.3,5.75,-0.45,5.75,5.3,0.37,0
"431",1989-11-01,7.87,NA,7.69,5.4,5.75,-0.35,5.75,5.4,0.18,0
"432",1989-12-01,7.84,NA,7.63,5.4,5.75,-0.35,5.75,5.4,0.21,0
"433",1990-01-01,8.21,5.73,7.64,5.4,5.73,-0.33,5.73,5.4,0.570000000000001,0
"434",1990-02-01,8.47,NA,7.74,5.3,5.73,-0.430000000000001,5.73,5.3,0.73,0
"435",1990-03-01,8.59,NA,7.9,5.2,5.73,-0.53,5.73,5.2,0.69,0
"436",1990-04-01,8.79,5.71,7.77,5.4,5.71,-0.31,5.71,5.4,1.02,0
"437",1990-05-01,8.76,NA,7.74,5.4,5.71,-0.31,5.71,5.4,1.02,0
"438",1990-06-01,8.48,NA,7.73,5.2,5.71,-0.51,5.71,5.2,0.75,0
"439",1990-07-01,8.47,5.69,7.62,5.5,5.69,-0.19,5.69,5.5,0.850000000000001,0
"440",1990-08-01,8.75,NA,7.45,5.7,5.69,0.00999999999999979,5.7,5.69,1.3,0
"441",1990-09-01,8.89,NA,7.36,5.9,5.69,0.21,5.9,5.69,1.53,0
"442",1990-10-01,8.72,5.67,7.17,5.9,5.67,0.23,5.9,5.67,1.55,0
"443",1990-11-01,8.39,NA,7.06,6.2,5.67,0.53,6.2,5.67,1.33,0
"444",1990-12-01,8.08,NA,6.74,6.3,5.67,0.63,6.3,5.67,1.34,0
"445",1991-01-01,8.09,5.66,6.22,6.4,5.66,0.74,6.4,5.66,1.87,0
"446",1991-02-01,7.85,NA,5.94,6.6,5.66,0.94,6.6,5.66,1.91,0
"447",1991-03-01,8.11,NA,5.91,6.8,5.66,1.14,6.8,5.66,2.2,0
"448",1991-04-01,8.04,5.64,5.65,6.7,5.64,1.06,6.7,5.64,2.39,0
"449",1991-05-01,8.07,NA,5.46,6.9,5.64,1.26,6.9,5.64,2.61,0
"450",1991-06-01,8.28,NA,5.57,6.9,5.64,1.26,6.9,5.64,2.71,0
"451",1991-07-01,8.27,5.62,5.58,6.8,5.62,1.18,6.8,5.62,2.69,0
"452",1991-08-01,7.9,NA,5.33,6.9,5.62,1.28,6.9,5.62,2.57,0
"453",1991-09-01,7.65,NA,5.22,6.9,5.62,1.28,6.9,5.62,2.43,0
"454",1991-10-01,7.53,5.6,4.99,7,5.6,1.4,7,5.6,2.54,0
"455",1991-11-01,7.42,NA,4.56,7,5.6,1.4,7,5.6,2.86,0
"456",1991-12-01,7.09,NA,4.07,7.3,5.6,1.7,7.3,5.6,3.02,0
"457",1992-01-01,7.03,5.59,3.8,7.3,5.59,1.71,7.3,5.59,3.23,0
"458",1992-02-01,7.34,NA,3.84,7.4,5.59,1.81,7.4,5.59,3.5,0
"459",1992-03-01,7.54,NA,4.04,7.4,5.59,1.81,7.4,5.59,3.5,0
"460",1992-04-01,7.48,5.57,3.75,7.4,5.57,1.83,7.4,5.57,3.73,0
"461",1992-05-01,7.39,NA,3.63,7.6,5.57,2.03,7.6,5.57,3.76,0
"462",1992-06-01,7.26,NA,3.66,7.8,5.57,2.23,7.8,5.57,3.6,0
"463",1992-07-01,6.84,5.55,3.21,7.7,5.55,2.15,7.7,5.55,3.63,0
"464",1992-08-01,6.59,NA,3.13,7.6,5.55,2.05,7.6,5.55,3.46,0
"465",1992-09-01,6.42,NA,2.91,7.6,5.55,2.05,7.6,5.55,3.51,0
"466",1992-10-01,6.59,5.54,2.86,7.3,5.54,1.76,7.3,5.54,3.73,0
"467",1992-11-01,6.87,NA,3.13,7.4,5.54,1.86,7.4,5.54,3.74,0
"468",1992-12-01,6.77,NA,3.22,7.4,5.54,1.86,7.4,5.54,3.55,0
"469",1993-01-01,6.6,5.52,3,7.3,5.52,1.78,7.3,5.52,3.6,0
"470",1993-02-01,6.26,NA,2.93,7.1,5.52,1.58,7.1,5.52,3.33,0
"471",1993-03-01,5.98,NA,2.95,7,5.52,1.48,7,5.52,3.03,0
"472",1993-04-01,5.97,5.51,2.87,7.1,5.51,1.59,7.1,5.51,3.1,0
"473",1993-05-01,6.04,NA,2.96,7.1,5.51,1.59,7.1,5.51,3.08,0
"474",1993-06-01,5.96,NA,3.07,7,5.51,1.49,7,5.51,2.89,0
"475",1993-07-01,5.81,5.49,3.04,6.9,5.49,1.41,6.9,5.49,2.77,0
"476",1993-08-01,5.68,NA,3.02,6.8,5.49,1.31,6.8,5.49,2.66,0
"477",1993-09-01,5.36,NA,2.95,6.7,5.49,1.21,6.7,5.49,2.41,0
"478",1993-10-01,5.33,5.48,3.02,6.8,5.48,1.32,6.8,5.48,2.31,0
"479",1993-11-01,5.72,NA,3.1,6.6,5.48,1.12,6.6,5.48,2.62,0
"480",1993-12-01,5.77,NA,3.06,6.5,5.48,1.02,6.5,5.48,2.71,0
"481",1994-01-01,5.75,5.47,2.98,6.6,5.47,1.13,6.6,5.47,2.77,0
"482",1994-02-01,5.97,NA,3.25,6.6,5.47,1.13,6.6,5.47,2.72,0
"483",1994-03-01,6.48,NA,3.5,6.5,5.47,1.03,6.5,5.47,2.98,0
"484",1994-04-01,6.97,5.45,3.68,6.4,5.45,0.95,6.4,5.45,3.29,0
"485",1994-05-01,7.18,NA,4.14,6.1,5.45,0.649999999999999,6.1,5.45,3.04,0
"486",1994-06-01,7.1,NA,4.14,6.1,5.45,0.649999999999999,6.1,5.45,2.96,0
"487",1994-07-01,7.3,5.44,4.33,6.1,5.44,0.659999999999999,6.1,5.44,2.97,0
"488",1994-08-01,7.24,NA,4.48,6,5.44,0.56,6,5.44,2.76,0
"489",1994-09-01,7.46,NA,4.62,5.9,5.44,0.46,5.9,5.44,2.84,0
"490",1994-10-01,7.74,5.43,4.95,5.8,5.43,0.37,5.8,5.43,2.79,0
"491",1994-11-01,7.96,NA,5.29,5.6,5.43,0.17,5.6,5.43,2.67,0
"492",1994-12-01,7.81,NA,5.6,5.5,5.43,0.0700000000000003,5.5,5.43,2.21,0
"493",1995-01-01,7.78,5.42,5.71,5.6,5.42,0.18,5.6,5.42,2.07,0
"494",1995-02-01,7.47,NA,5.77,5.4,5.42,-0.0199999999999996,5.42,5.4,1.7,0
"495",1995-03-01,7.2,NA,5.73,5.4,5.42,-0.0199999999999996,5.42,5.4,1.47,0
"496",1995-04-01,7.06,5.41,5.65,5.8,5.41,0.39,5.8,5.41,1.41,0
"497",1995-05-01,6.63,NA,5.67,5.6,5.41,0.19,5.6,5.41,0.96,0
"498",1995-06-01,6.17,NA,5.47,5.6,5.41,0.19,5.6,5.41,0.7,0
"499",1995-07-01,6.28,5.4,5.42,5.7,5.4,0.3,5.7,5.4,0.86,0
"500",1995-08-01,6.49,NA,5.4,5.7,5.4,0.3,5.7,5.4,1.09,0
"501",1995-09-01,6.2,NA,5.28,5.6,5.4,0.199999999999999,5.6,5.4,0.92,0
"502",1995-10-01,6.04,5.39,5.28,5.5,5.39,0.11,5.5,5.39,0.76,0
"503",1995-11-01,5.93,NA,5.36,5.6,5.39,0.21,5.6,5.39,0.569999999999999,0
"504",1995-12-01,5.71,NA,5.14,5.6,5.39,0.21,5.6,5.39,0.57,0
"505",1996-01-01,5.65,5.38,5,5.6,5.38,0.22,5.6,5.38,0.65,0
"506",1996-02-01,5.81,NA,4.83,5.5,5.38,0.12,5.5,5.38,0.98,0
"507",1996-03-01,6.27,NA,4.96,5.5,5.38,0.12,5.5,5.38,1.31,0
"508",1996-04-01,6.51,5.37,4.95,5.6,5.37,0.23,5.6,5.37,1.56,0
"509",1996-05-01,6.74,NA,5.02,5.6,5.37,0.23,5.6,5.37,1.72,0
"510",1996-06-01,6.91,NA,5.09,5.3,5.37,-0.0700000000000003,5.37,5.3,1.82,0
"511",1996-07-01,6.87,5.36,5.15,5.5,5.36,0.14,5.5,5.36,1.72,0
"512",1996-08-01,6.64,NA,5.05,5.1,5.36,-0.260000000000001,5.36,5.1,1.59,0
"513",1996-09-01,6.83,NA,5.09,5.2,5.36,-0.16,5.36,5.2,1.74,0
"514",1996-10-01,6.53,5.35,4.99,5.2,5.35,-0.149999999999999,5.35,5.2,1.54,0
"515",1996-11-01,6.2,NA,5.03,5.4,5.35,0.0500000000000007,5.4,5.35,1.17,0
"516",1996-12-01,6.3,NA,4.91,5.4,5.35,0.0500000000000007,5.4,5.35,1.39,0
"517",1997-01-01,6.58,5.34,5.03,5.3,5.34,-0.04,5.34,5.3,1.55,0
"518",1997-02-01,6.42,NA,5.01,5.2,5.34,-0.14,5.34,5.2,1.41,0
"519",1997-03-01,6.69,NA,5.14,5.2,5.34,-0.14,5.34,5.2,1.55,0
"520",1997-04-01,6.89,5.33,5.16,5.1,5.33,-0.23,5.33,5.1,1.73,0
"521",1997-05-01,6.71,NA,5.05,4.9,5.33,-0.43,5.33,4.9,1.66,0
"522",1997-06-01,6.49,NA,4.93,5,5.33,-0.33,5.33,5,1.56,0
"523",1997-07-01,6.22,5.32,5.05,4.9,5.32,-0.42,5.32,4.9,1.17,0
"524",1997-08-01,6.3,NA,5.14,4.8,5.32,-0.52,5.32,4.8,1.16,0
"525",1997-09-01,6.21,NA,4.95,4.9,5.32,-0.42,5.32,4.9,1.26,0
"526",1997-10-01,6.03,5.31,4.97,4.7,5.31,-0.609999999999999,5.31,4.7,1.06,0
"527",1997-11-01,5.88,NA,5.14,4.6,5.31,-0.71,5.31,4.6,0.74,0
"528",1997-12-01,5.81,NA,5.16,4.7,5.31,-0.609999999999999,5.31,4.7,0.649999999999999,0
"529",1998-01-01,5.54,5.3,5.04,4.6,5.3,-0.7,5.3,4.6,0.5,0
"530",1998-02-01,5.57,NA,5.09,4.6,5.3,-0.7,5.3,4.6,0.48,0
"531",1998-03-01,5.65,NA,5.03,4.7,5.3,-0.6,5.3,4.7,0.62,0
"532",1998-04-01,5.64,5.29,4.95,4.3,5.29,-0.99,5.29,4.3,0.69,0
"533",1998-05-01,5.65,NA,5,4.4,5.29,-0.89,5.29,4.4,0.65,0
"534",1998-06-01,5.5,NA,4.98,4.5,5.29,-0.79,5.29,4.5,0.52,0
"535",1998-07-01,5.46,5.29,4.96,4.5,5.29,-0.79,5.29,4.5,0.5,0
"536",1998-08-01,5.34,NA,4.9,4.5,5.29,-0.79,5.29,4.5,0.44,0
"537",1998-09-01,4.81,NA,4.61,4.6,5.29,-0.69,5.29,4.6,0.199999999999999,0
"538",1998-10-01,4.53,5.28,3.96,4.5,5.28,-0.78,5.28,4.5,0.57,0
"539",1998-11-01,4.83,NA,4.41,4.4,5.28,-0.88,5.28,4.4,0.42,0
"540",1998-12-01,4.65,NA,4.39,4.4,5.28,-0.88,5.28,4.4,0.260000000000001,0
"541",1999-01-01,4.72,5.27,4.34,4.3,5.27,-0.97,5.27,4.3,0.38,0
"542",1999-02-01,5,NA,4.44,4.4,5.27,-0.869999999999999,5.27,4.4,0.56,0
"543",1999-03-01,5.23,NA,4.44,4.2,5.27,-1.07,5.27,4.2,0.79,0
"544",1999-04-01,5.18,5.26,4.29,4.3,5.26,-0.96,5.26,4.3,0.89,0
"545",1999-05-01,5.54,NA,4.5,4.2,5.26,-1.06,5.26,4.2,1.04,0
"546",1999-06-01,5.9,NA,4.57,4.3,5.26,-0.96,5.26,4.3,1.33,0
"547",1999-07-01,5.79,5.25,4.55,4.3,5.25,-0.95,5.25,4.3,1.24,0
"548",1999-08-01,5.94,NA,4.72,4.2,5.25,-1.05,5.25,4.2,1.22,0
"549",1999-09-01,5.92,NA,4.68,4.2,5.25,-1.05,5.25,4.2,1.24,0
"550",1999-10-01,6.11,5.24,4.86,4.1,5.24,-1.14,5.24,4.1,1.25,0
"551",1999-11-01,6.03,NA,5.07,4.1,5.24,-1.14,5.24,4.1,0.96,0
"552",1999-12-01,6.28,NA,5.2,4,5.24,-1.24,5.24,4,1.08,0
"553",2000-01-01,6.66,5.22,5.32,4,5.22,-1.22,5.22,4,1.34,0
"554",2000-02-01,6.52,NA,5.55,4.1,5.22,-1.12,5.22,4.1,0.97,0
"555",2000-03-01,6.26,NA,5.69,4,5.22,-1.22,5.22,4,0.569999999999999,0
"556",2000-04-01,5.99,5.21,5.66,3.8,5.21,-1.41,5.21,3.8,0.33,0
"557",2000-05-01,6.44,NA,5.79,4,5.21,-1.21,5.21,4,0.65,0
"558",2000-06-01,6.1,NA,5.69,4,5.21,-1.21,5.21,4,0.409999999999999,0
"559",2000-07-01,6.05,5.2,5.96,4,5.2,-1.2,5.2,4,0.0899999999999999,0
"560",2000-08-01,5.83,NA,6.09,4.1,5.2,-1.1,5.2,4.1,0,-0.26
"561",2000-09-01,5.8,NA,6,3.9,5.2,-1.3,5.2,3.9,0,-0.2
"562",2000-10-01,5.74,5.19,6.11,3.9,5.19,-1.29,5.19,3.9,0,-0.37
"563",2000-11-01,5.72,NA,6.17,3.9,5.19,-1.29,5.19,3.9,0,-0.45
"564",2000-12-01,5.24,NA,5.77,3.9,5.19,-1.29,5.19,3.9,0,-0.529999999999999
"565",2001-01-01,5.16,5.18,5.15,4.2,5.18,-0.98,5.18,4.2,0.00999999999999979,0
"566",2001-02-01,5.1,NA,4.88,4.2,5.18,-0.98,5.18,4.2,0.22,0
"567",2001-03-01,4.89,NA,4.42,4.3,5.18,-0.88,5.18,4.3,0.47,0
"568",2001-04-01,5.14,5.17,3.87,4.4,5.17,-0.77,5.17,4.4,1.27,0
"569",2001-05-01,5.39,NA,3.62,4.3,5.17,-0.87,5.17,4.3,1.77,0
"570",2001-06-01,5.28,NA,3.49,4.5,5.17,-0.67,5.17,4.5,1.79,0
"571",2001-07-01,5.24,5.16,3.51,4.6,5.16,-0.56,5.16,4.6,1.73,0
"572",2001-08-01,4.97,NA,3.36,4.9,5.16,-0.26,5.16,4.9,1.61,0
"573",2001-09-01,4.73,NA,2.64,5,5.16,-0.16,5.16,5,2.09,0
"574",2001-10-01,4.57,5.15,2.16,5.3,5.15,0.149999999999999,5.3,5.15,2.41,0
"575",2001-11-01,4.65,NA,1.87,5.5,5.15,0.35,5.5,5.15,2.78,0
"576",2001-12-01,5.09,NA,1.69,5.7,5.15,0.55,5.7,5.15,3.4,0
"577",2002-01-01,5.04,5.14,1.65,5.7,5.14,0.56,5.7,5.14,3.39,0
"578",2002-02-01,4.91,NA,1.72,5.7,5.14,0.56,5.7,5.14,3.19,0
"579",2002-03-01,5.28,NA,1.79,5.7,5.14,0.56,5.7,5.14,3.49,0
"580",2002-04-01,5.21,5.13,1.71,5.9,5.13,0.77,5.9,5.13,3.5,0
"581",2002-05-01,5.16,NA,1.73,5.8,5.13,0.67,5.8,5.13,3.43,0
"582",2002-06-01,4.93,NA,1.7,5.8,5.13,0.67,5.8,5.13,3.23,0
"583",2002-07-01,4.65,5.12,1.68,5.8,5.12,0.68,5.8,5.12,2.97,0
"584",2002-08-01,4.26,NA,1.62,5.7,5.12,0.58,5.7,5.12,2.64,0
"585",2002-09-01,3.87,NA,1.63,5.7,5.12,0.58,5.7,5.12,2.24,0
"586",2002-10-01,3.94,5.11,1.58,5.7,5.11,0.59,5.7,5.11,2.36,0
"587",2002-11-01,4.05,NA,1.23,5.9,5.11,0.79,5.9,5.11,2.82,0
"588",2002-12-01,4.03,NA,1.19,6,5.11,0.89,6,5.11,2.84,0
"589",2003-01-01,4.05,5.1,1.17,5.8,5.1,0.7,5.8,5.1,2.88,0
"590",2003-02-01,3.9,NA,1.17,5.9,5.1,0.800000000000001,5.9,5.1,2.73,0
"591",2003-03-01,3.81,NA,1.13,5.9,5.1,0.800000000000001,5.9,5.1,2.68,0
"592",2003-04-01,3.96,5.09,1.13,6,5.09,0.91,6,5.09,2.83,0
"593",2003-05-01,3.57,NA,1.07,6.1,5.09,1.01,6.1,5.09,2.5,0
"594",2003-06-01,3.33,NA,0.92,6.3,5.09,1.21,6.3,5.09,2.41,0
"595",2003-07-01,3.98,5.08,0.9,6.2,5.08,1.12,6.2,5.08,3.08,0
"596",2003-08-01,4.45,NA,0.95,6.1,5.08,1.02,6.1,5.08,3.5,0
"597",2003-09-01,4.27,NA,0.94,6.1,5.08,1.02,6.1,5.08,3.33,0
"598",2003-10-01,4.29,5.07,0.92,6,5.07,0.93,6,5.07,3.37,0
"599",2003-11-01,4.3,NA,0.93,5.8,5.07,0.73,5.8,5.07,3.37,0
"600",2003-12-01,4.27,NA,0.9,5.7,5.07,0.63,5.7,5.07,3.37,0
"601",2004-01-01,4.15,5.06,0.88,5.7,5.06,0.640000000000001,5.7,5.06,3.27,0
"602",2004-02-01,4.08,NA,0.93,5.6,5.06,0.54,5.6,5.06,3.15,0
"603",2004-03-01,3.83,NA,0.94,5.8,5.06,0.74,5.8,5.06,2.89,0
"604",2004-04-01,4.35,5.05,0.94,5.6,5.05,0.55,5.6,5.05,3.41,0
"605",2004-05-01,4.72,NA,1.02,5.6,5.05,0.55,5.6,5.05,3.7,0
"606",2004-06-01,4.73,NA,1.27,5.6,5.05,0.55,5.6,5.05,3.46,0
"607",2004-07-01,4.5,5.04,1.33,5.5,5.04,0.46,5.5,5.04,3.17,0
"608",2004-08-01,4.28,NA,1.48,5.4,5.04,0.36,5.4,5.04,2.8,0
"609",2004-09-01,4.13,NA,1.65,5.4,5.04,0.36,5.4,5.04,2.48,0
"610",2004-10-01,4.1,5.03,1.76,5.5,5.03,0.47,5.5,5.03,2.34,0
"611",2004-11-01,4.19,NA,2.07,5.4,5.03,0.37,5.4,5.03,2.12,0
"612",2004-12-01,4.23,NA,2.19,5.4,5.03,0.37,5.4,5.03,2.04,0
"613",2005-01-01,4.22,5.02,2.33,5.3,5.02,0.28,5.3,5.02,1.89,0
"614",2005-02-01,4.17,NA,2.54,5.4,5.02,0.380000000000001,5.4,5.02,1.63,0
"615",2005-03-01,4.5,NA,2.74,5.2,5.02,0.180000000000001,5.2,5.02,1.76,0
"616",2005-04-01,4.34,5.01,2.78,5.2,5.01,0.19,5.2,5.01,1.56,0
"617",2005-05-01,4.14,NA,2.84,5.1,5.01,0.0899999999999999,5.1,5.01,1.3,0
"618",2005-06-01,4,NA,2.97,5,5.01,-0.00999999999999979,5.01,5,1.03,0
"619",2005-07-01,4.18,5,3.22,5,5,0,5,5,0.96,0
"620",2005-08-01,4.26,NA,3.44,4.9,5,-0.0999999999999996,5,4.9,0.82,0
"621",2005-09-01,4.2,NA,3.42,5,5,0,5,5,0.78,0
"622",2005-10-01,4.46,5,3.71,5,5,0,5,5,0.75,0
"623",2005-11-01,4.54,NA,3.88,5,5,0,5,5,0.66,0
"624",2005-12-01,4.47,NA,3.89,4.9,5,-0.0999999999999996,5,4.9,0.58,0
"625",2006-01-01,4.42,4.99,4.24,4.7,4.99,-0.29,4.99,4.7,0.18,0
"626",2006-02-01,4.57,NA,4.43,4.8,4.99,-0.19,4.99,4.8,0.140000000000001,0
"627",2006-03-01,4.72,NA,4.51,4.7,4.99,-0.29,4.99,4.7,0.21,0
"628",2006-04-01,4.99,4.99,4.6,4.7,4.99,-0.29,4.99,4.7,0.390000000000001,0
"629",2006-05-01,5.11,NA,4.72,4.6,4.99,-0.390000000000001,4.99,4.6,0.390000000000001,0
"630",2006-06-01,5.11,NA,4.79,4.6,4.99,-0.390000000000001,4.99,4.6,0.32,0
"631",2006-07-01,5.09,4.98,4.95,4.7,4.98,-0.28,4.98,4.7,0.14,0
"632",2006-08-01,4.88,NA,4.96,4.7,4.98,-0.28,4.98,4.7,0,-0.0800000000000001
"633",2006-09-01,4.72,NA,4.81,4.5,4.98,-0.48,4.98,4.5,0,-0.0899999999999999
"634",2006-10-01,4.73,4.97,4.92,4.4,4.97,-0.569999999999999,4.97,4.4,0,-0.19
"635",2006-11-01,4.6,NA,4.94,4.5,4.97,-0.47,4.97,4.5,0,-0.340000000000001
"636",2006-12-01,4.56,NA,4.85,4.4,4.97,-0.569999999999999,4.97,4.4,0,-0.29
"637",2007-01-01,4.76,4.95,4.98,4.6,4.95,-0.350000000000001,4.95,4.6,0,-0.220000000000001
"638",2007-02-01,4.72,NA,5.03,4.5,4.95,-0.45,4.95,4.5,0,-0.31
"639",2007-03-01,4.56,NA,4.94,4.4,4.95,-0.55,4.95,4.4,0,-0.380000000000001
"640",2007-04-01,4.69,4.93,4.87,4.5,4.93,-0.43,4.93,4.5,0,-0.18
"641",2007-05-01,4.75,NA,4.73,4.4,4.93,-0.529999999999999,4.93,4.4,0.0199999999999996,0
"642",2007-06-01,5.1,NA,4.61,4.6,4.93,-0.33,4.93,4.6,0.489999999999999,0
"643",2007-07-01,5,4.92,4.82,4.7,4.92,-0.22,4.92,4.7,0.18,0
"644",2007-08-01,4.67,NA,4.2,4.6,4.92,-0.32,4.92,4.6,0.47,0
"645",2007-09-01,4.52,NA,3.89,4.7,4.92,-0.22,4.92,4.7,0.629999999999999,0
"646",2007-10-01,4.53,4.9,3.9,4.7,4.9,-0.2,4.9,4.7,0.63,0
"647",2007-11-01,4.15,NA,3.27,4.7,4.9,-0.2,4.9,4.7,0.88,0
"648",2007-12-01,4.1,NA,3,5,4.9,0.0999999999999996,5,4.9,1.1,0
"649",2008-01-01,3.74,4.89,2.75,5,4.89,0.11,5,4.89,0.99,0
"650",2008-02-01,3.74,NA,2.12,4.9,4.89,0.0100000000000007,4.9,4.89,1.62,0
"651",2008-03-01,3.51,NA,1.26,5.1,4.89,0.21,5.1,4.89,2.25,0
"652",2008-04-01,3.68,4.88,1.29,5,4.88,0.12,5,4.88,2.39,0
"653",2008-05-01,3.88,NA,1.73,5.4,4.88,0.52,5.4,4.88,2.15,0
"654",2008-06-01,4.1,NA,1.86,5.6,4.88,0.72,5.6,4.88,2.24,0
"655",2008-07-01,4.01,4.87,1.63,5.8,4.87,0.93,5.8,4.87,2.38,0
"656",2008-08-01,3.89,NA,1.72,6.1,4.87,1.23,6.1,4.87,2.17,0
"657",2008-09-01,3.69,NA,1.13,6.1,4.87,1.23,6.1,4.87,2.56,0
"658",2008-10-01,3.81,4.88,0.67,6.5,4.88,1.62,6.5,4.88,3.14,0
"659",2008-11-01,3.53,NA,0.19,6.8,4.88,1.92,6.8,4.88,3.34,0
"660",2008-12-01,2.42,NA,0.03,7.3,4.88,2.42,7.3,4.88,2.39,0
"661",2009-01-01,2.52,4.9,0.13,7.8,4.9,2.9,7.8,4.9,2.39,0
"662",2009-02-01,2.87,NA,0.3,8.3,4.9,3.4,8.3,4.9,2.57,0
"663",2009-03-01,2.82,NA,0.21,8.7,4.9,3.8,8.7,4.9,2.61,0
"664",2009-04-01,2.93,4.92,0.16,9,4.92,4.08,9,4.92,2.77,0
"665",2009-05-01,3.29,NA,0.18,9.4,4.92,4.48,9.4,4.92,3.11,0
"666",2009-06-01,3.72,NA,0.18,9.5,4.92,4.58,9.5,4.92,3.54,0
"667",2009-07-01,3.56,4.95,0.18,9.5,4.95,4.55,9.5,4.95,3.38,0
"668",2009-08-01,3.59,NA,0.17,9.6,4.95,4.65,9.6,4.95,3.42,0
"669",2009-09-01,3.4,NA,0.12,9.8,4.95,4.85,9.8,4.95,3.28,0
"670",2009-10-01,3.39,4.98,0.07,10,4.98,5.02,10,4.98,3.32,0
"671",2009-11-01,3.4,NA,0.05,9.9,4.98,4.92,9.9,4.98,3.35,0
"672",2009-12-01,3.59,NA,0.05,9.9,4.98,4.92,9.9,4.98,3.54,0
"673",2010-01-01,3.73,5.01,0.06,9.8,5.01,4.79,9.8,5.01,3.67,0
"674",2010-02-01,3.69,NA,0.11,9.8,5.01,4.79,9.8,5.01,3.58,0
"675",2010-03-01,3.73,NA,0.15,9.9,5.01,4.89,9.9,5.01,3.58,0
"676",2010-04-01,3.85,5.03,0.16,9.9,5.03,4.87,9.9,5.03,3.69,0
"677",2010-05-01,3.42,NA,0.16,9.6,5.03,4.57,9.6,5.03,3.26,0
"678",2010-06-01,3.2,NA,0.12,9.4,5.03,4.37,9.4,5.03,3.08,0
"679",2010-07-01,3.01,5.05,0.16,9.4,5.05,4.35,9.4,5.05,2.85,0
"680",2010-08-01,2.7,NA,0.16,9.5,5.05,4.45,9.5,5.05,2.54,0
"681",2010-09-01,2.65,NA,0.15,9.5,5.05,4.45,9.5,5.05,2.5,0
"682",2010-10-01,2.54,5.07,0.13,9.4,5.07,4.33,9.4,5.07,2.41,0
"683",2010-11-01,2.76,NA,0.14,9.8,5.07,4.73,9.8,5.07,2.62,0
"684",2010-12-01,3.29,NA,0.14,9.3,5.07,4.23,9.3,5.07,3.15,0
"685",2011-01-01,3.39,5.08,0.15,9.1,5.08,4.02,9.1,5.08,3.24,0
"686",2011-02-01,3.58,NA,0.13,9,5.08,3.92,9,5.08,3.45,0
"687",2011-03-01,3.41,NA,0.1,9,5.08,3.92,9,5.08,3.31,0
"688",2011-04-01,3.46,5.08,0.06,9.1,5.08,4.02,9.1,5.08,3.4,0
"689",2011-05-01,3.17,NA,0.04,9,5.08,3.92,9,5.08,3.13,0
"690",2011-06-01,3,NA,0.04,9.1,5.08,4.02,9.1,5.08,2.96,0
"691",2011-07-01,3,5.08,0.04,9,5.08,3.92,9,5.08,2.96,0
"692",2011-08-01,2.3,NA,0.02,9,5.08,3.92,9,5.08,2.28,0
"693",2011-09-01,1.98,NA,0.01,9,5.08,3.92,9,5.08,1.97,0
"694",2011-10-01,2.15,5.08,0.02,8.8,5.08,3.72,8.8,5.08,2.13,0
"695",2011-11-01,2.01,NA,0.01,8.6,5.08,3.52,8.6,5.08,2,0
"696",2011-12-01,1.98,NA,0.01,8.5,5.08,3.42,8.5,5.08,1.97,0
"697",2012-01-01,1.97,5.07,0.03,8.3,5.07,3.23,8.3,5.07,1.94,0
"698",2012-02-01,1.97,NA,0.09,8.3,5.07,3.23,8.3,5.07,1.88,0
"699",2012-03-01,2.17,NA,0.08,8.2,5.07,3.13,8.2,5.07,2.09,0
"700",2012-04-01,2.05,5.05,0.08,8.2,5.05,3.15,8.2,5.05,1.97,0
"701",2012-05-01,1.8,NA,0.09,8.2,5.05,3.15,8.2,5.05,1.71,0
"702",2012-06-01,1.62,NA,0.09,8.2,5.05,3.15,8.2,5.05,1.53,0
"703",2012-07-01,1.53,5.02,0.1,8.2,5.02,3.18,8.2,5.02,1.43,0
"704",2012-08-01,1.68,NA,0.1,8.1,5.02,3.08,8.1,5.02,1.58,0
"705",2012-09-01,1.72,NA,0.11,7.8,5.02,2.78,7.8,5.02,1.61,0
"706",2012-10-01,1.75,4.99,0.1,7.8,4.99,2.81,7.8,4.99,1.65,0
"707",2012-11-01,1.65,NA,0.09,7.7,4.99,2.71,7.7,4.99,1.56,0
"708",2012-12-01,1.72,NA,0.07,7.9,4.99,2.91,7.9,4.99,1.65,0
"709",2013-01-01,1.91,4.97,0.07,8,4.97,3.03,8,4.97,1.84,0
"710",2013-02-01,1.98,NA,0.1,7.7,4.97,2.73,7.7,4.97,1.88,0
"711",2013-03-01,1.96,NA,0.09,7.5,4.97,2.53,7.5,4.97,1.87,0
"712",2013-04-01,1.76,4.94,0.06,7.6,4.94,2.66,7.6,4.94,1.7,0
"713",2013-05-01,1.93,NA,0.04,7.5,4.94,2.56,7.5,4.94,1.89,0
"714",2013-06-01,2.3,NA,0.05,7.5,4.94,2.56,7.5,4.94,2.25,0
"715",2013-07-01,2.58,4.91,0.04,7.3,4.91,2.39,7.3,4.91,2.54,0
"716",2013-08-01,2.74,NA,0.04,7.2,4.91,2.29,7.2,4.91,2.7,0
"717",2013-09-01,2.81,NA,0.02,7.2,4.91,2.29,7.2,4.91,2.79,0
"718",2013-10-01,2.62,4.89,0.05,7.2,4.89,2.31,7.2,4.89,2.57,0
"719",2013-11-01,2.72,NA,0.07,6.9,4.89,2.01,6.9,4.89,2.65,0
"720",2013-12-01,2.9,NA,0.07,6.7,4.89,1.81,6.7,4.89,2.83,0
"721",2014-01-01,2.86,4.86,0.04,6.6,4.86,1.74,6.6,4.86,2.82,0
"722",2014-02-01,2.71,NA,0.05,6.7,4.86,1.84,6.7,4.86,2.66,0
"723",2014-03-01,2.72,NA,0.05,6.7,4.86,1.84,6.7,4.86,2.67,0
"724",2014-04-01,2.71,4.83,0.03,6.3,4.83,1.47,6.3,4.83,2.68,0
"725",2014-05-01,2.56,NA,0.03,6.3,4.83,1.47,6.3,4.83,2.53,0
"726",2014-06-01,2.6,NA,0.04,6.1,4.83,1.27,6.1,4.83,2.56,0
"727",2014-07-01,2.54,4.8,0.03,6.2,4.8,1.4,6.2,4.8,2.51,0
"728",2014-08-01,2.42,NA,0.03,6.2,4.8,1.4,6.2,4.8,2.39,0
"729",2014-09-01,2.53,NA,0.02,5.9,4.8,1.1,5.9,4.8,2.51,0
"730",2014-10-01,2.3,4.76,0.02,5.7,4.76,0.94,5.7,4.76,2.28,0
"731",2014-11-01,2.33,NA,0.02,5.8,4.76,1.04,5.8,4.76,2.31,0
"732",2014-12-01,2.21,NA,0.03,5.6,4.76,0.84,5.6,4.76,2.18,0
"733",2015-01-01,1.88,4.72,0.03,5.7,4.72,0.98,5.7,4.72,1.85,0
"734",2015-02-01,1.98,NA,0.02,5.5,4.72,0.78,5.5,4.72,1.96,0
"735",2015-03-01,2.04,NA,0.03,5.5,4.72,0.78,5.5,4.72,2.01,0
"736",2015-04-01,1.94,4.69,0.02,5.4,4.69,0.71,5.4,4.69,1.92,0
"737",2015-05-01,2.2,NA,0.02,5.5,4.69,0.81,5.5,4.69,2.18,0
"738",2015-06-01,2.36,NA,0.02,5.3,4.69,0.609999999999999,5.3,4.69,2.34,0
"739",2015-07-01,2.32,4.66,0.03,5.2,4.66,0.54,5.2,4.66,2.29,0
"740",2015-08-01,2.17,NA,0.07,5.1,4.66,0.44,5.1,4.66,2.1,0
"741",2015-09-01,2.17,NA,0.02,5,4.66,0.34,5,4.66,2.15,0
"742",2015-10-01,2.07,4.64,0.02,5,4.64,0.36,5,4.64,2.05,0
"743",2015-11-01,2.26,NA,0.12,5,4.64,0.36,5,4.64,2.14,0
"744",2015-12-01,2.24,NA,0.23,5,4.64,0.36,5,4.64,2.01,0
"745",2016-01-01,2.09,4.63,0.26,4.9,4.63,0.27,4.9,4.63,1.83,0
"746",2016-02-01,1.78,NA,0.31,4.9,4.63,0.27,4.9,4.63,1.47,0
"747",2016-03-01,1.89,NA,0.29,5,4.63,0.37,5,4.63,1.6,0
"748",2016-04-01,1.81,4.62,0.23,5,4.62,0.38,5,4.62,1.58,0
"749",2016-05-01,1.81,NA,0.27,4.7,4.62,0.0800000000000001,4.7,4.62,1.54,0
"750",2016-06-01,1.64,NA,0.27,4.9,4.62,0.28,4.9,4.62,1.37,0
"751",2016-07-01,1.5,4.62,0.3,4.9,4.62,0.28,4.9,4.62,1.2,0
"752",2016-08-01,1.56,NA,0.3,4.9,4.62,0.28,4.9,4.62,1.26,0
"753",2016-09-01,1.63,NA,0.29,5,4.62,0.38,5,4.62,1.34,0
"754",2016-10-01,1.76,4.62,0.33,4.9,4.62,0.28,4.9,4.62,1.43,0
"755",2016-11-01,2.14,NA,0.45,4.6,4.62,-0.0200000000000005,4.62,4.6,1.69,0
"756",2016-12-01,2.49,NA,0.51,4.7,4.62,0.0800000000000001,4.7,4.62,1.98,0
"757",2017-01-01,2.43,4.62,0.51,4.8,4.62,0.18,4.8,4.62,1.92,0
"758",2017-02-01,2.42,NA,0.52,4.7,4.62,0.0800000000000001,4.7,4.62,1.9,0
"759",2017-03-01,2.48,NA,0.74,4.5,4.62,-0.12,4.62,4.5,1.74,0
"760",2017-04-01,2.3,4.63,0.8,4.4,4.63,-0.23,4.63,4.4,1.5,0
"761",2017-05-01,2.3,NA,0.89,4.3,4.63,-0.33,4.63,4.3,1.41,0
"762",2017-06-01,2.19,NA,0.98,4.3,4.63,-0.33,4.63,4.3,1.21,0
"763",2017-07-01,2.32,4.62,1.07,4.3,4.62,-0.32,4.62,4.3,1.25,0
"764",2017-08-01,2.21,NA,1.01,4.4,4.62,-0.22,4.62,4.4,1.2,0
"765",2017-09-01,2.2,NA,1.03,4.2,4.62,-0.42,4.62,4.2,1.17,0
"766",2017-10-01,2.36,4.62,1.07,4.1,4.62,-0.52,4.62,4.1,1.29,0
"767",2017-11-01,2.35,NA,1.23,4.1,4.62,-0.52,4.62,4.1,1.12,0
"768",2017-12-01,2.4,NA,1.32,4.1,4.62,-0.52,4.62,4.1,1.08,0
"769",2018-01-01,2.58,4.62,1.41,4.1,4.62,-0.52,4.62,4.1,1.17,0
"770",2018-02-01,2.86,NA,1.57,4.1,4.62,-0.52,4.62,4.1,1.29,0
"771",2018-03-01,2.84,NA,1.7,4.1,4.62,-0.52,4.62,4.1,1.14,0
"772",2018-04-01,2.87,4.62,1.76,3.9,4.62,-0.72,4.62,3.9,1.11,0
"773",2018-05-01,2.98,NA,1.86,3.8,4.62,-0.82,4.62,3.8,1.12,0
"774",2018-06-01,2.91,NA,1.9,4,4.62,-0.62,4.62,4,1.01,0
"775",2018-07-01,2.89,4.62,1.96,3.9,4.62,-0.72,4.62,3.9,0.93,0
"776",2018-08-01,2.89,NA,2.03,3.9,4.62,-0.72,4.62,3.9,0.86,0
"777",2018-09-01,3,NA,2.13,3.7,4.62,-0.92,4.62,3.7,0.87,0
"778",2018-10-01,3.15,4.61,2.25,3.7,4.61,-0.91,4.61,3.7,0.9,0
"779",2018-11-01,3.12,NA,2.33,3.7,4.61,-0.91,4.61,3.7,0.79,0
